{"stats":{"minecraft:mined":{"minecraft:grass":6},"minecraft:custom":{"minecraft:time_since_rest":155234,"minecraft:sprint_one_cm":116248,"minecraft:damage_taken":220,"minecraft:walk_one_cm":220552,"minecraft:drop":3,"minecraft:damage_dealt":91,"minecraft:fly_one_cm":1363272,"minecraft:talked_to_villager":3,"minecraft:open_chest":16,"minecraft:fill_cauldron":2,"minecraft:crouch_one_cm":1397,"minecraft:play_time":155234,"minecraft:bell_ring":4,"minecraft:sneak_time":6738,"minecraft:jump":315,"minecraft:interact_with_blast_furnace":1,"minecraft:leave_game":1,"minecraft:time_since_death":155234,"minecraft:walk_on_water_one_cm":268,"minecraft:total_world_time":199043,"minecraft:fall_one_cm":4910},"minecraft:dropped":{"minecraft:snow_block":1,"minecraft:pink_dye":1,"minecraft:lantern":1},"minecraft:used":{"minecraft:cherry_sapling":37,"minecraft:water_bucket":2,"minecraft:netherite_shovel":58,"minecraft:dirt_path":42,"minecraft:cherry_door":14,"minecraft:villager_spawn_egg":11,"minecraft:snow_block":1,"minecraft:lantern":37,"minecraft:grass_block":223,"minecraft:oak_stairs":6,"minecraft:cherry_slab":39,"minecraft:glow_ink_sac":1,"minecraft:chest":1,"minecraft:iron_golem_spawn_egg":7,"minecraft:leather_helmet":1,"minecraft:stone":1,"minecraft:white_terracotta":456,"minecraft:cherry_planks":506,"minecraft:cherry_sign":1,"minecraft:cherry_leaves":111,"minecraft:cauldron":2,"minecraft:pink_stained_glass_pane":33,"minecraft:pink_wool":12,"minecraft:fletching_table":8,"minecraft:cherry_fence_gate":1,"minecraft:bell":1,"minecraft:purple_dye":1,"minecraft:pink_bed":16,"minecraft:pink_petals":2668,"minecraft:torch":25,"minecraft:diamond_sword":6,"minecraft:cherry_stairs":617,"minecraft:pink_dye":2,"minecraft:stripped_cherry_log":97,"minecraft:stripped_cherry_wood":6,"minecraft:pink_carpet":16,"minecraft:cherry_fence":66,"minecraft:cherry_log":237,"minecraft:magenta_dye":1,"minecraft:bone_meal":280},"minecraft:picked_up":{"minecraft:pink_petals":2,"minecraft:dandelion":1,"minecraft:white_bed":1,"minecraft:yellow_bed":1,"minecraft:lantern":1,"minecraft:wheat_seeds":2,"minecraft:bell":1,"minecraft:poppy":2,"minecraft:bread":3,"minecraft:pink_dye":1}},"DataVersion":3463}