{"stats":{"minecraft:mined":{"minecraft:wall_torch":1},"minecraft:picked_up":{"minecraft:torch":1,"minecraft:light_weighted_pressure_plate":2,"minecraft:sculk_catalyst":1},"minecraft:killed":{"minecraft:villager":3},"minecraft:custom":{"minecraft:time_since_rest":12008,"minecraft:walk_one_cm":92874,"minecraft:sprint_one_cm":32502,"minecraft:damage_taken":224,"minecraft:mob_kills":3,"minecraft:inspect_hopper":2,"minecraft:damage_dealt":620,"minecraft:talked_to_villager":2,"minecraft:fly_one_cm":137911,"minecraft:open_chest":7,"minecraft:crouch_one_cm":1156,"minecraft:play_time":50687,"minecraft:deaths":1,"minecraft:sneak_time":2175,"minecraft:jump":110,"minecraft:leave_game":1,"minecraft:time_since_death":11948,"minecraft:climb_one_cm":5903,"minecraft:total_world_time":58808,"minecraft:inspect_dispenser":6},"minecraft:used":{"minecraft:warden_spawn_egg":2,"minecraft:crimson_hanging_sign":3,"minecraft:sticky_piston":13,"minecraft:lever":6,"minecraft:netherite_sword":9,"minecraft:crying_obsidian":333,"minecraft:mangrove_door":2,"minecraft:villager_spawn_egg":2,"minecraft:light_weighted_pressure_plate":1,"minecraft:dispenser":10,"minecraft:redstone":58,"minecraft:ladder":36,"minecraft:oak_planks":6,"minecraft:chest":4,"minecraft:stone":111,"minecraft:glow_ink_sac":2,"minecraft:purple_dye":1,"minecraft:debug_stick":48,"minecraft:torch":65,"minecraft:brewing_stand":1,"minecraft:glowstone":25,"minecraft:repeater":2,"minecraft:purple_bed":1,"minecraft:hopper":4,"minecraft:red_dye":1,"minecraft:observer":7}},"DataVersion":3465}